"especie","key"
"""Deuterodon parahyabae""",2353216
"Abudefduf saxatilis",2398623
"Acanthocybium solandri",2374069
"Acanthostracion polygonius",2408186
"Acanthostracion quadricornis",2408197
"Acanthostracion sp.",0
"Acanthurus bahianus",5209181
"Acanthurus chirurgus",5209174
"Acanthurus coeruleus",5209188
"Acanthurus sp.",0
"Acentronichthys leptos",2343628
"Acestrorhynchus britskii",2355564
"Acestrorhynchus falcatus",2355586
"Acestrorhynchus heterolepis",2355583
"Acestrorhynchus lacustris",2355581
"Acestrorhynchus sp.",0
"Achirus lineatus",2408224
"Achirus sp.",0
"Ahlia egmontis",2404878
"Albula vulpes",5204104
"Allocyttus sp.",0
"Alphestes afer",2387797
"Aluterus monoceros",2406708
"Aluterus scriptus",2406721
"Ameiurus nebulosus",2340989
"Anableps anableps",2350683
"Anchoa filifera",2413922
"Anchoa lyolepis",2413866
"Anchoa sp.",0
"Anchoa spinifer",2413899
"Anchoa tricolor",2413986
"Anchovia clupeoides",2413788
"Anchoviella lepidentostole",2414285
"Anchoviella vaillanti",2414291
"Ancistrus brevipinnis",5961432
"Ancistrus multispinis",5961512
"Ancistrus sp.",0
"Anisotremus moricandi",2382604
"Anisotremus sp.",0
"Anisotremus surinamensis",2382615
"Anodus elongatus",5204563
"Anodus sp.",0
"Anoplogaster cornuta",2356711
"Anostomus sp.",0
"Antigonia capros",2389693
"Antigonia combatia",2389686
"Apareiodon affinis",2354816
"Apareiodon hasemani",2354832
"Apareiodon itapicuruensis",2354825
"Apareiodon sp.",0
"Aphyocharax sp.",0
"Apistogramma sp.",0
"Apogon americanus",5211671
"Apogon sp.",0
"Archosargus probatocephalus",2392542
"Archosargus rhomboidalis",2392546
"Argyropelecus sp.",0
"Arius sp.",0
"Aspidoras psammatides",2342552
"Aspidoras raimundi",2342559
"Aspidoras sp.",0
"Aspidoras virgulatus",2342562
"Aspistor luniscutis",2345323
"Astrapogon puncticulatus",2396930
"Astronesthes sp.",0
"Astronotus crassipinnis",2370240
"Astronotus ocellatus",2370243
"Astronotus sp.",0
"Astroscopus y-graecum",2394346
"Astyanax alburnus",7675860
"Astyanax altiparanae",5204260
"Astyanax bimaculatus",5204296
"Astyanax bockmanni",5204357
"Astyanax brevirhinus",5204285
"Astyanax burgerai",5204370
"Astyanax eigenmanniorum",5204293
"Astyanax fasciatus",5204200
"Astyanax giton",5204273
"Astyanax hastatus",5204197
"Astyanax intermedius",5204333
"Astyanax jacuhiensis",5204258
"Astyanax janeiroensis",5204383
"Astyanax lacustris",5204261
"Astyanax microschemos",5204391
"Astyanax parahybae",5204288
"Astyanax rivularis",5204380
"Astyanax scabripinnis",5204198
"Astyanax sp.",0
"Astyanax taeniatus",5204282
"Astyanax vermilion",5204320
"Atherinella brasiliensis",2412202
"Atlantirivulus depressus",7193430
"Atlantoraja castelnaui",2419892
"Aulostomus maculatus",2332595
"Aulostomus strigosus",2332598
"Australoheros capixaba",5961860
"Australoheros muriae",2370770
"Australoheros sp.",0
"Awaous sp.",0
"Awaous tajasica",5208778
"Balistes capriscus",2407107
"Balistes vetula",2407103
"Bascanichthys paulensis",2404911
"Bathygobius soporator",2377096
"Bathypterois phenax",2401343
"Bellator brachychir",5201606
"Bergiaria westermanni",2338756
"Bodianus pulchellus",5209681
"Bodianus rufus",5209687
"Bonapartia pedaliota",5203367
"Bothus lunatus",5213848
"Bothus maculiferus",5213844
"Bothus ocellatus",5213883
"Bothus robinsi",5213869
"Boulengerella cuvieri",2355970
"Brachychalcinus parnaibae",2354042
"Brachychalcinus sp.",0
"Brachyglanis microphthalmus",2343601
"Brachyhypopomus janeiroensis",2401806
"Brycon ferox",2353543
"Brycon orthotaenia",2353453
"Brycon sp.",0
"Bryconamericus iheringii",2352877
"Bryconamericus sp.",0
"Bryconamericus stramineus",2352831
"Bryconamericus tenuis",2352905
"Bryconops affinis",2354267
"Bryconops caudomaculatus",2354277
"Bryconops melanurus",2354274
"Bryconops sp.",0
"Caelorinchus sp.",0
"Calamus mu",5211008
"Calamus penna",5211002
"Callichthys callichthys",5202866
"Callichthys sp.",0
"Cantherhines macrocerus",2406957
"Cantherhines pullus",2406961
"Canthigaster figueiredoi",2407732
"Canthigaster sp.",0
"Caquetaia sp.",0
"Carangoides bartholomaei",5210553
"Carangoides crysos",2390762
"Carangoides ruber",2390989
"Caranx crysos",2390762
"Caranx latus",2390847
"Caranx lugubris",2390836
"Caranx sp.",0
"Cathorops  spixii",2345143
"Caulolatilus chrysops",2389845
"Centromochlus bockmanni",0
"Centromochlus meridionalis",7411122
"Centromochlus sp.",0
"Centropomus parallelus",2369640
"Centropomus sp.",0
"Centropomus undecimalis",2369643
"Centropyge aurantonotus",2396519
"Cephalopholis fulva",2388809
"Cephalopholis jurcifer",0
"Cetengraulis edentulus",2414053
"Cetopsorhamdia iheringi",2343652
"Cetopsorhamdia sp.",0
"Chaetodipterus faber",2394320
"Chaetodipterus sp.",0
"Chaetodon ocellatus",2385448
"Chaetodon sedentarius",2385404
"Chaetodon sp.",0
"Chaetodon striatus",7906686
"Characidium alipioi",2352407
"Characidium bahiense",2352401
"Characidium bimaculatum",2352417
"Characidium clistenesi",8801405
"Characidium declivirostre",2352358
"Characidium deludens",9007209
"Characidium fasciatum",2352362
"Characidium hasemani",2352347
"Characidium helmeri",8684621
"Characidium interruptum",2352375
"Characidium kamakan",9196045
"Characidium litorale",7411052
"Characidium pterostictum",2352378
"Characidium samurai",8357899
"Characidium satoi",9236823
"Characidium sp.",0
"Characidium timbuiense",2352366
"Characidium vidali",2352363
"Characidium xanthopterum",2352344
"Characidium zebra",2352379
"Charax stenopterus",5204514
"Chasmocranus sp.",0
"Cheirodon interruptus",2353776
"Cheirodon stenodon",2352507
"Chilodus sp.",0
"Chilomycterus antillarum",2406483
"Chirocentrodon bleekerianus",2413236
"Chlorophthalmus agassizi",2401401
"Chloroscombrus chrysurus",2391079
"Chromis jubauna",5212165
"Chromis multilineata",5212222
"Cichla kelberi",5208140
"Cichla monochlus",5208154
"Cichla ocellaris",5208153
"Cichla pinima",5208146
"Cichla piquiti",5208145
"Cichla sp.",0
"Cichlasoma amazonarum",2371872
"Cichlasoma facetum",2370771
"Cichlasoma orientale",2371881
"Cichlasoma portalegrensis",2371944
"Cichlasoma sanctifranciscense",2371852
"Cichlasoma sp.",0
"Citharichthys arenaceus",2408734
"Citharichthys macrops",2408741
"Citharichthys sp.",0
"Citharichthys spilopterus",2408720
"Clarias gariepinus",5202793
"Clepticus brasiliensis",5209748
"Colomesus asellus",2407613
"Compsura heterura",2352920
"Conodon nobilis",2382784
"Copionodon lianae",2342970
"Copionodon orthiocarinatus",2342971
"Copionodon pecten",2342969
"Coptodon rendalli",9312593
"Coralliozetus sp.",0
"Corydoras aeneus",2342606
"Corydoras garbei",2342654
"Corydoras lymnades",8092588
"Corydoras multimaculatus",2342793
"Corydoras nattereri",2342704
"Corydoras paleatus",2342720
"Corydoras sp.",0
"Corymbophanes sp.",0
"Coryphopterus glaucofraenum",2377816
"Coryphopterus sp.",0
"Creagrutus britskii",2353682
"Creatochanes sp.",0
"Crenicichla lacustris",2370975
"Crenicichla lepidota",2370934
"Crenicichla menezesi",2370991
"Crenicichla punctata",2370978
"Crenicichla sp.",0
"Cryptotomus roseus",2393551
"Ctenogobius boleosoma",2375376
"Ctenogobius shufeldti",2375361
"Ctenogobius sp.",0
"Ctenogobius stigmaticus",2375371
"Ctenosciaena gracillicirhus",2400066
"Curimata sp.",0
"Curimatella immaculata",2355005
"Curimatella lepidura",2354984
"Curimatella sp.",0
"Cyclichthys sp.",0
"Cyclichthys spinosus",4284297
"Cyclopsetta chittendeni",2408923
"Cyclopsetta fimbriata",2408917
"Cynolebias albipunctatus",2349486
"Cynolebias gilbertoi",2349497
"Cynopotamus sp.",0
"Cynoscion leiarchus",2400004
"Cynoscion microlepidotus",2400036
"Cynoscion sp.",0
"Cynoscion striatus",2399999
"Cynoscion virescens",2400021
"Cyphocharax gilbert",2355131
"Cyphocharax modestus",2355100
"Cyphocharax pinnilepis",5962414
"Cyphocharax sp.",0
"Cyprinus carpio",4286975
"Dactylopterus volitans",2333605
"Dactyloscopus tridigitatus",2390091
"Dasyatis americana",9335213
"Dasyatis guttata",9424579
"Decapterus macarellus",2391064
"Decodon puellaris",5209741
"Delturus brevis",2339549
"Delturus carinotus",2339550
"Deuterodon parahybae",2353216
"Deuterodon sp",0
"Diaphus sp.",0
"Diapterus auratus",2369330
"Diapterus rhombeus",2369323
"Dibranchus atlanticus",2414913
"Diodon holocanthus",5213361
"Diplectrum formosum",5210229
"Diplectrum radiale",5210233
"Diplodus argenteus",5712109
"Doras sp.",0
"Doratonotus megalepis",5209736
"Dormitator maculatus",2386401
"Dormitator sp.",0
"Duopalatinus emarginatus",2338719
"Echeneis naucrates",2375300
"Echidna catenata",5213083
"Echiophis intertinctus",2405181
"Eigenmannia microstoma",2402037
"Eigenmannia sp.",0
"Eigenmannia virescens",2402039
"Elacatinus pridisi",2376735
"Eleotris pisonis",2386110
"Eleotris sp.",0
"Elops saurus",5203145
"Emblemariopsis occidentalis",2381448
"Emblemariopsis signifera",5788047
"Enchelycore nigricans",2404189
"Enneanectes altivelis",2393068
"Enneanectes smithi",2393081
"Entomacrodus sp.",0
"Entomacrodus vomerinus",2395658
"Epinephelus adscensionis",2388519
"Epinephelus itajara",2388456
"Epinephelus morio",2388373
"Epinephelus sp.",0
"Equetus lanceolatus",2399845
"Erythrinus erythrinus",2352207
"Etropus crossotus",8123721
"Etropus longimanus",2408955
"Etropus sp.",0
"Eucinostomus argenteus",2369473
"Eucinostomus gula",2369471
"Eucinostomus lefroyi",2369493
"Eucinostomus melanopterus",2369483
"Eucinostomus sp.",0
"Eugerres brasilianus",2369342
"Eugerres sp.",0
"Euryochus thysanos",9536494
"Exocoetus volitans",2368648
"Exodon paradoxus",2354407
"Fistularia sp.",0
"Fistularia tabacaria",5200941
"Genidens barbus",2345063
"Genidens genidens",2345053
"Genyatremus luteus",2382789
"Genypterus brasiliensis",2345635
"Geophagus brasiliensis",7769592
"Geophagus itapicuruensis",5208432
"Geophagus neambi",5961953
"Geophagus parnaibae",5208423
"Geophagus sp.",0
"Gephyroberyx darwinii",2357088
"Gladioglanis sp.",0
"Glanidium albescens",2344593
"Glanidium botocudo",8109178
"Glanidium catharinensis",2344594
"Glanidium melanopterum",2344596
"Glaphyropoma rodriguesi",2343338
"Gnatholepis thompsoni",2378717
"Gobiesox strumosus",2411317
"Gobio gobio",4409628
"Gobioides broussonnetii",2379131
"Gobionellus oceanicus",2375711
"Gobionellus sp.",0
"Gobionellus stigmaturus",2375366
"Gobionellus stomatus",2375708
"Gobiosoma hemigymnum",5208830
"Gonioplectrus hispanus",2388676
"Gramma brasiliensis",2380561
"Guavina guavina",2386369
"Gymnachirus nudus",2408204
"Gymnogeophagus gymnogenys",2371122
"Gymnorhamphichthys sp.",0
"Gymnothorax funebris",2403964
"Gymnothorax miliaris",2403816
"Gymnothorax moringa",2404065
"Gymnothorax ocellatus",2403802
"Gymnothorax polygonius",2403798
"Gymnotus bahianus",5212791
"Gymnotus capitimaculatus",7969933
"Gymnotus carapo",5212798
"Gymnotus pantherinus",5212794
"Gymnotus sp.",0
"Haemulon aurolineatum",2382528
"Haemulon parra",2382511
"Haemulon plumieri",2382537
"Haemulon steindachneri",2382546
"Halichoeres bivittatus",2384268
"Halichoeres brasiliensis",2384117
"Halichoeres cyanocephalus",2384218
"Halichoeres dimidiatus",2384245
"Halichoeres maculipinna",2384125
"Halichoeres poeyi",2384275
"Halichoeres radiatus",2384111
"Halichoeres sp.",0
"Harengula clupeola",2412951
"Harengula jaguana",2412960
"Harengula sp.",0
"Harttia carvalhoi",5202424
"Harttia garavelloi",5202426
"Harttia kronei",5202417
"Harttia longipinna",5202416
"Harttia loricariformis",5202425
"Harttia sp.",0
"Hasemania nana",2353385
"Hasemania piatan",5962461
"Hasemania sp.",0
"Hassar sp.",0
"Helicolenus dactylopterus",4286361
"Helicolenus sp.",0
"Hemancistrus punctulatus",2340155
"Hemiancistrus sp.",0
"Hemicaranx amblyrhynchus",2391412
"Hemigrammus brevis",2354352
"Hemigrammus gracilis",2354383
"Hemigrammus marginatus",2354329
"Hemigrammus sp.",0
"Hemigramus sp.",0
"Hemiodopsis gracilis",2354911
"Hemiodus immaculatus",2354865
"Hemiodus parnaguae",2354890
"Hemiodus thayeria",2354899
"Hemiramphus brasiliensis",2368950
"Heptapterus mustelinus",2343816
"Heptapterus sp.",0
"Heros sp.",0
"Heteropriacanthus cruentatus",2375045
"Heteropriacanthus sp.",0
"Hippocampus reidi",5201123
"Hisonotus notatus",2339258
"Hisonotus sp.",0
"Hisonotus thayeri",9062125
"Hisonotus vespucii",8985528
"Holacanthus ciliaris",5211452
"Holacanthus tricolor",5211450
"Hollandichthys multifasciatus",2353395
"Holocentrus adscensionis",5204778
"Hoplerythrinus sp.",0
"Hoplerythrinus unitaeniatus",2352216
"Hoplias brasiliensis",2352228
"Hoplias intermedius",7992053
"Hoplias malabaricus",2352230
"Hoplias sp.",0
"Hoplosternum littorale",2342499
"Hoplosternum sp.",0
"Hydrolycus scomberoides",2352282
"Hyphessobrycon bifasciatus",2354661
"Hyphessobrycon boulengeri",2354631
"Hyphessobrycon diastatos",7865864
"Hyphessobrycon eques",2354612
"Hyphessobrycon igneus",2354626
"Hyphessobrycon lacustris",0
"Hyphessobrycon luetkenii",2354595
"Hyphessobrycon meridionalis",2354642
"Hyphessobrycon reticulatus",2354548
"Hyphessobrycon sp.",0
"Hypleurochilus fissicornis",2395705
"Hypomasticus mormyrops",5962513
"Hypomasticus thayeri",5962515
"Hyporhamphus sp.",0
"Hyporhamphus unifasciatus",2368849
"Hypostomus affinis",5202225
"Hypostomus ancistroides",5202249
"Hypostomus aspilogaster",5202272
"Hypostomus auroguttatus",5202155
"Hypostomus brevicauda",5202193
"Hypostomus chrysostiktos",5202202
"Hypostomus francisci",5202189
"Hypostomus jaguar",7555039
"Hypostomus lima",5202164
"Hypostomus macrops",5202192
"Hypostomus nigromaculatus",5202185
"Hypostomus scabriceps",5202269
"Hypostomus sp.",0
"Hypostomus unae",5202204
"Hypostomus wuchereri",5202169
"Hypsoblennius invemar",2395534
"Ictalurus punctatus",5202520
"Iguanodectes sp.",0
"Imparfinis borodini",2343564
"Imparfinis minutus",2343559
"Imparfinis sp.",0
"Isopisthus parvipinnis",2399632
"Ituglanis cahyensis",2342897
"Ituglanis ina",7192998
"Ituglanis paraguassuensis",2342907
"Ituglanis parahybae",2342899
"Ituglanis sp.",0
"Jenynsia lineata",2350704
"Jenynsia multidentata",2350700
"Jupiaba elassonaktis",2353593
"Jupiaba polylepis",2353557
"Kalyptodoras bahiensis",2343965
"Knodus moenkhausii",2353847
"Knodus shinahota",2353829
"Knodus sp.",0
"Kryptolebias ocellatus",2349310
"Kyphosus sectatrix",2381293
"Labrisomus cricota",2389655
"Labrisomus kalisherae",8399964
"Labrisomus nuchipinnis",2389661
"Labrisomus sp.",0
"Laemolyta proxima",2355437
"Lagocephalus laevigatus",2407750
"Larimus breviceps",2399921
"Lepidocharax burnsi",6165667
"Lepomis gibbosus",2394486
"Leporellus vittatus",2355517
"Leporinus bahiensis",2355363
"Leporinus conirostris",2355329
"Leporinus copelandii",2355408
"Leporinus fasciatus",2355387
"Leporinus friderici",2355324
"Leporinus piau",2355379
"Leporinus sp.",0
"Leporinus steindachneri",2355331
"Leporinus taeniatus",2355411
"Lignobrycon myersi",2353400
"Liopropoma aberrans",2387859
"Liopropoma carmabi",2387887
"Liosomadoras sp.",0
"Lophiosilurus alexandri",2344122
"Lophiosilurus sp.",0
"Lopholatilus villarii",2389831
"Loricaria sp.",0
"Loricariichthys anus",2339184
"Loricariichthys castaneus",2339187
"Loricariichthys derbyi",2339161
"Loricariichthys sp.",0
"Lutjanus buccanella",2384960
"Lutjanus chrysurus",2385282
"Lutjanus jocu",2384948
"Lutjanus sp.",0
"Lutjanus synagris",2384837
"Lutjanus vivanus",2384856
"Lycengraulis grossidens",2413813
"Lythrypnus brasiliensis",2376022
"Macrodon ancylodon",5212492
"Malacoctenus brunoi",5961738
"Malacoctenus delalandei",2389500
"Malacoctenus sp.",0
"Malacoctenus triangulatus",2389521
"Megaleporinus brinco",0
"Megaleporinus conirostris",0
"Megaleporinus garmani",0
"Megaleporinus obtusidens",0
"Megaleporinus reinhardti",0
"Melacosteus niger",2347378
"Melanostomias sp.",0
"Melichthys niger",2407141
"Menticirrhus americanus",2400093
"Menticirrhus littoralis",2400086
"Mesonauta festivus",2369921
"Metynnis lippincottianus",2353419
"Metynnis maculatus",2353417
"Metynnis sp.",0
"Microcambeva draco",5961326
"Microglanis cottoides",2344130
"Microglanis leptostriatus",2344138
"Microglanis nigripinnis",2344137
"Microglanis parahybae",2344139
"Microglanis pataxo",2344128
"Microglanis sp.",0
"Micrognathus crinitus",2333177
"Microgobius carri",2376651
"Microgobius meeki",2376657
"Microphis lineatus",5712327
"Micropogonias furnieri",2399855
"Micropterus salmoides",2394563
"Microspathodon chrysurus",2398749
"Mimagoniates inequalis",2353881
"Mimagoniates microlepis",2353883
"Mimagoniates sp.",0
"Mimagoniates sylvicola",2353894
"Moenkhausia costae",2352610
"Moenkhausia doceana",2352565
"Moenkhausia oligolepis",2352558
"Moenkhausia sanctaefilomenae",2352615
"Moenkhausia sp.",0
"Moenkhausia vittata",0
"Monocirrhus polyacanthus",2392056
"Monolene antillarum",2408618
"Mugil curema",2400641
"Mugil curvidens",2400657
"Mugil incilis",2400598
"Mugil liza",2400654
"Mugil platanus",2400654
"Mugil sp.",0
"Mulloidichthys martinicus",2396844
"Mullus argentinae",2396860
"Mylesinus sp.",0
"Myleus altipinnis",2354458
"Myleus micans",2354470
"Myleus sp.",0
"Mylossoma aureum",2352725
"Myrichthys breviceps",2404520
"Myrichthys ocellatus",2404482
"Myripristis jacobus",2357064
"Myrophis punctatus",2404576
"Myrophis sp.",0
"Nannostomus sp.",0
"Não_identificada",0
"Narcine brasiliensis",2417770
"Naucrates ductor",2391379
"Nebris microps",2399618
"Nemadactylus bergi",2392129
"Nematocharax sp.",0
"Nematocharax venustus",2353867
"Neomerinthe sp.",0
"Neoplecostomus espiritosantensis",2339397
"Neoplecostomus microps",2339401
"Neoplecostomus sp.",0
"Nezumia atlantica",2416944
"Nicholsina usta",4285799
"Ocyurus chrysurus",2385282
"Odontesthes bonariensis",2412370
"Odontognathus mucronathus",5214579
"Odontoscion dentex",2399624
"Ogcocephalus vespertilio",5214834
"Oligoplites palometa",2390636
"Oligoplites saliens",2390627
"Oligoplites saurus",2390622
"Oligosarcus acutirostris",2353946
"Oligosarcus argenteus",2353955
"Oligosarcus hepsetus",2353966
"Oligosarcus jenynsii",2353950
"Oligosarcus macrolepis",2353964
"Oligosarcus sp.",0
"Ophichthus gomesii",5213186
"Ophichthus ophis",5213152
"Ophichthus parilis",5213168
"Ophidion holbrooki",5203030
"Ophioblennius atlanticus",2395284
"Ophioblennius trinitatis",2395285
"Ophioscion punctatissimus",2400123
"Ophthalmolebias bokermanni",0
"Ophthalmolebias ilheusensis",5962409
"Opisthonema oglinum",5214551
"Opistognatus sp.",0
"Oreochromis niloticus",4285694
"Orthopristis ruber",2382811
"Orthopristis sp.",0
"Orthospinus franciscensis",2353809
"Osteoglossum bicirrhosum",7812454
"Otocinclus xakriaba",2340469
"Otothyris lophophanes",2339537
"Otothyris sp.",0
"Otothyris travassosi",2339535
"Pachyurus adspersus",5212480
"Pachyurus francisci",5212477
"Pachyurus sp.",0
"Pagrus pagrus",5210913
"Pamphorichthys araguaiensis",2350268
"Pamphorichthys hollandi",2350264
"Parablennius marmoreus",2395741
"Parablennius pilicornis",2395292
"Parachromis managuensis",5208202
"Paraclinus arcanus",2389611
"Paraclinus rubicundus",2389608
"Paraclinus spectator",2389634
"Paradiplogrammus bairdi",2386771
"Paralichthys brasiliensis",2408896
"Paralichthys sp.",0
"Paralonchurus brasiliensis",2399736
"Pareiorhaphis bahianus",2340213
"Pareiorhaphis garbei",2340206
"Pareiorhaphis lophia",8388205
"Pareiorhaphis ruschii",7192952
"Pareiorhaphis sp.",0
"Pareiorhina carrancas",2339856
"Pareques acuminatus",2399906
"Parodon hilarii",2354798
"Parodon nasus",2354805
"Parona signata",2391346
"Parotocinclus arandai",2340280
"Parotocinclus bahiensis",2340273
"Parotocinclus cristatus",2340277
"Parotocinclus doceanus",2340256
"Parotocinclus jequi",8162923
"Parotocinclus jimi",2340267
"Parotocinclus maculicauda",2340258
"Parotocinclus prata",2340263
"Parotocinclus sp.",0
"Pellona flavipinnis",2413584
"Pellona harroweri",2413573
"Pempheris schomburgki",2374373
"Peprilus paru",2397715
"Peristedion altipinne",2334994
"Peristedion antillarum",2334986
"Phaeoptyx pigmentaria",2396970
"Phalloceros caudimaculatus",2350105
"Phalloceros elachistos",2350099
"Phalloceros harpagos",2350109
"Phalloceros ocellatus",2350101
"Phalloceros sp.",0
"Phalloptychus januarius",2350122
"Phallotorynus fasciolatus",2350229
"Phenacogaster calverti",2353189
"Phenacogaster franciscoensis",2353181
"Phenacorhamdia sp.",0
"Phenacorhamdia tenebrosa",2343520
"Piabarchus stramineus",0
"Piabina argentea",2353284
"Piabina sp.",0
"Pimelodella itapicuruensis",2343485
"Pimelodella lateristriga",2343451
"Pimelodella laurenti",2343392
"Pimelodella sp.",0
"Pimelodella vittata",2343475
"Pimelodus maculatus",2338908
"Pimelodus pohli",2338932
"Pimelodus sp.",0
"Plagioscion sp.",0
"Plagioscion squamosissimus",2399821
"Planaltina britskii",2353878
"Platanichthys platana",2413291
"Platydoras sp.",0
"Platygillelus brasiliensis",2390151
"Plecostomus sp.",0
"Poecilia reticulata",2350050
"Poecilia sp.",0
"Poecilia vivipara",8341124
"Pogonopoma wertheimeri",2339864
"Polydactylus virginicus",2393328
"Pomacanthus arcuatus",2396435
"Pomacanthus paru",2396447
"Pomadasys corvinaeformis",9346649
"Pomadasys crocro",2382843
"Pomadasys ramosus",2382937
"Pomatomus saltator",5208090
"Porichthys porosissimus",2350821
"Potamorhina altamazonica",2354972
"Potamotrygon motoro",2419333
"Priacanthus arenatus",2375036
"Priacanthus cruentatus",2375045
"Priolepis dawsoni",2378453
"Prionotus punctatus",5201571
"Pristigenys alta",2375079
"Pristipomoides freemani",2385176
"Probolodus heterostomus",2352452
"Prochilodus argenteus",2352177
"Prochilodus costatus",2352169
"Prochilodus hartii",2352168
"Prochilodus lineatus",2352154
"Prochilodus sp.",0
"Prochilodus vimboides",2352171
"Psectrogaster rutiloides",2355291
"Psellogrammus kennedyi",2354098
"Psenes cyanophrys",2381870
"Pseudauchenipterus affinis",2344752
"Pseudophallus mindii",2333347
"Pseudopimelodus charus",2344092
"Pseudoplatystoma corruscans",2338660
"Pseudoplatystoma tigrinum",2338667
"Pseudotocinclus sp.",0
"Pseudupeneus maculatus",2396813
"Ptereleotris randalli",2385786
"Pterygoplichthys etentaculatus",2339973
"Pterygoplichthys gibbiceps",2339957
"Pterygoplichthys sp.",0
"Pygocentrus nattereri",2352479
"Pygocentrus piraya",2352472
"Pygocentrus sp.",0
"Pyrrhulina sp.",0
"Rachoviscus graciliceps",2352763
"Rachycentron canadum",2391729
"Raja agassizii",2420091
"Raja platana",2419897
"Raneya fluminensis",2345623
"Remora osteochir",2375278
"Rhamdella sp.",0
"Rhamdia jequitinhonhae",2343725
"Rhamdia quelen",2343735
"Rhamdia sp.",0
"Rhinelepis strigosa",2339554
"Rhinobatos percellens",9273149
"Rhinobatos sp.",0
"Rhizoprionodon cf. porosus",2417889
"Rhizoprionodon porosus",2417889
"Rhizoprionodon sp.",0
"Rhytiodus microlepis",5204575
"Rineloricaria cadeae",2339043
"Rineloricaria sp.",0
"Rineloricaria steindachneri",2339119
"Rineloricaria strigilata",2339068
"Rivulus caudomarginatus",2349289
"Rivulus depressus",7193430
"Roeboides paranensis",2354048
"Roeboides xenodon",2354050
"Rutilus rutilus",2359706
"Rypticus randalli",2387718
"Rypticus sp.",0
"Saccopharynx sp.",0
"Salminus brasiliensis",2354769
"Salminus franciscanus",2354768
"Salminus hilarii",2354779
"Salminus sp.",0
"Sardinella janeiro",2412794
"Satanoperca jurupari",5208447
"Saurida caribbaea",2401136
"Scardinius erythrophthalmus",2362635
"Scartella cristata",2395157
"Scartella poiti",2395172
"Scartella sp.",0
"Schizodon knerii",5204591
"Schizodon sp.",0
"Schizolecis guntheri",2339518
"Scleromystax barbatus",2342592
"Scleromystax prionotos",2342585
"Scorpaena dispar",2334636
"Scorpaena plumieri",2334560
"Selar crumenophthalmus",2391007
"Selene setapinnis",2390733
"Selene spixii",2390727
"Selene vomer",2390711
"Semaprochilodus insignis",2352126
"Seriola sp.",0
"Serranus baldwini",2388737
"Serranus flaviventris",2388728
"Serranus phoebe",2388747
"Serrapinnus heterodon",2353307
"Serrapinnus notomelas",2353318
"Serrapinnus piaba",2353327
"Serrapinnus sp.",0
"Serrasalmus brandtii",2354138
"Serrasalmus maculatus",2354117
"Serrasalmus marginatus",2354121
"Serrasalmus nattereri",2352479
"Serrasalmus rhombeus",2354124
"Serrasalmus sp.",0
"Serrasalmus spilopleura",2354120
"Sorotherodon niloticus",4285694
"Sparisoma rubripinne",2393924
"Sparisoma sp.",0
"Sparisoma tuiupiranga",2393936
"Sphoeroides greeleyi",2407839
"Sphoeroides sp.",0
"Sphoeroides spengleri",2407829
"Sphoeroides testudineus",2407878
"Sphoeroides tyleri",2407866
"Sphyraena barracuda",2394277
"Sphyrna sp.",0
"Squaliolus laticaudus",2420898
"Starksia brasiliensis",2389555
"Starksia sp.",0
"Steatogenys elegans",2401771
"Stegastes fuscus",2398866
"Stegastes pictus",2398843
"Stegastes rocasensis",2398808
"Stegastes sp.",0
"Stegastes trindadensis",2398866
"Stegastes variabilis",2398885
"Stegophilus insidiosus",2343245
"Steindachnerina elegans",2355184
"Steindachnerina insculpta",2355239
"Steindachnerina sp.",0
"Stellifer brasiliensis",2399975
"Stellifer microps",2399953
"Stellifer rastrifer",2399980
"Stellifer sp.",0
"Stellifer stellifer",2399936
"Stephanolepis setifer",5213454
"Stephanolepis sp.",0
"Sternopygus macrurus",2402060
"Sternopygus sp.",0
"Stomias sp.",0
"Strongylura marina",5208028
"Strongylura sp.",0
"Strongylura timucu",5208038
"Stygnobrotula latebricola",2346377
"Syacium micrurum",2408764
"Syacium papillosum",2408759
"Symphurus diomedianus",2409438
"Symphurus jenynsi",2409489
"Symphurus ocellatus",2409498
"Symphurus plagusia",2409465
"Symphurus sp.",0
"Symphurus tessellatus",2409459
"Synbranchus marmoratus",2351979
"Synbranchus sp.",0
"Syngnathus scovelli",2332964
"Synodus foetens",5212651
"Synodus intermedius",5212673
"Synodus synodus",5212691
"Tarpon atlanticus",5203123
"Tatia meesi",2344645
"Tetragonopterus chalceus",5204501
"Tetragonopterus sp.",0
"Thalassoma noronhanum",2384531
"Thalassophryne nattereri",2350900
"Tilapia rendalli",9312593
"Tomicodon fasciatum australis",2411496
"Trachelyopterus galeatus",2344685
"Trachelyopterus sp.",0
"Trachelyopterus striatulus",2344702
"Trachinocephalus myops",5212618
"Trachinotus carolinus",5210681
"Trachinotus falcatus",9266229
"Trachinotus goodei",5210682
"Trachinotus marginatus",5210653
"Trachinotus sp.",0
"Trachurus lathami",5210468
"Trachycorystes sp.",0
"Trichiurus lepturus",2389407
"Trichogaster trichopterus",5211169
"Trichogenes claviger",5961314
"Trichogenes longipinnis",2342967
"Trichomycterus alternatus",2343016
"Trichomycterus argos",8245235
"Trichomycterus bahianus",2342996
"Trichomycterus brasiliensis",2343113
"Trichomycterus brunoi",5961315
"Trichomycterus caudofasciatus",2343185
"Trichomycterus gasparinii",7945998
"Trichomycterus giganteus",2343152
"Trichomycterus immaculatus",2343068
"Trichomycterus itacambirussu",2343067
"Trichomycterus jequitinhonhae",2343012
"Trichomycterus longibarbatus",2343128
"Trichomycterus mimosensis",8256499
"Trichomycterus pantherinus",2343062
"Trichomycterus pauciradiatus",2343173
"Trichomycterus payaya",6168016
"Trichomycterus pradensis",2343100
"Trichomycterus sp.",0
"Trichomycterus tete",6168002
"Trinectes microphthalmus",2408250
"Trinectes paulistanus",2408264
"Triportheus angulatus",2353244
"Triportheus elongatus",2353274
"Triportheus guentheri",2353266
"Triportheus sp.",0
"Tylosurus acus",4286156
"Uaru sp.",0
"Ulaema lefroyi",2369493
"Umbrina coroides",2399667
"Umbrina sp.",0
"Upeneus parvus",2396783
"Uraspis secunda",2391355
"Urophycis brasiliensis",2415728
"Vandellia cirrhosa",5202897
"Wertheimeria maculata",2344005
"Xiphophorus maculatus",2350164
"Xiphophorus sp.",0
"Xyrichtys sp.",0
"Zapteryx brevirostris",2418982
